--Types
INSERT INTO Types (Type, Kind) VALUES ('UNIT_DLV_RIFLEMAN', 'KIND_UNIT');
INSERT INTO Types (Type, Kind) VALUES ('UNIT_DLV_CUIRASSIER', 'KIND_UNIT');
INSERT INTO Types (Type, Kind) VALUES ('UNIT_DLV_LONGSWORDSMAN', 'KIND_UNIT');
INSERT INTO Types (Type, Kind) VALUES ('UNIT_DLV_EXPLORER', 'KIND_UNIT');
INSERT INTO Types (Type, Kind) VALUES ('UNIT_DLV_GATLING_GUN', 'KIND_UNIT');
INSERT INTO Types (Type, Kind) VALUES ('UNIT_DLV_MEDIEVAL_HORSEMAN', 'KIND_UNIT');
INSERT INTO Types (Type, Kind) VALUES ('UNIT_DLV_TREBUCHET', 'KIND_UNIT');
INSERT INTO Types (Type, Kind) VALUES ('UNIT_DLV_MORTAR', 'KIND_UNIT');
INSERT INTO Types (Type, Kind) VALUES ('UNIT_DLV_SELF_PROPELLED_ARTILLERY', 'KIND_UNIT');
INSERT INTO Types (Type, Kind) VALUES ('UNIT_DLV_COG', 'KIND_UNIT');
INSERT INTO Types (Type, Kind) VALUES ('UNIT_DLV_GALLEASS', 'KIND_UNIT');

INSERT INTO Types (Type, Kind) VALUES ('ABILITY_EXPLORER', 'KIND_ABILITY');
INSERT INTO Types (Type, Kind) VALUES ('ABILITY_AUTOMATIC_GUNFIRE', 'KIND_ABILITY');

--Units
INSERT INTO Units (UnitType, BaseMoves, Cost, AdvisorType, BaseSightRange, ZoneOfControl, Domain, FormationClass, Name, Description, PurchaseYield, PromotionClass, Maintenance, Combat, StrategicResource, PrereqTech, MandatoryObsoleteTech) 
VALUES ('UNIT_DLV_CUIRASSIER', '4', '360', 'ADVISOR_CONQUEST', '2', 1, 'DOMAIN_LAND', 'FORMATION_CLASS_LAND_COMBAT', 'LOC_UNIT_CUIRASSIER_NAME', 'LOC_UNIT_CUIRASSIER_DESCRIPTION', 'YIELD_GOLD', 'PROMOTION_CLASS_HEAVY_CAVALRY', '5', '66', 'RESOURCE_NITER', 'TECH_BALLISTICS', 'TECH_COMPOSITES');

INSERT INTO Units (UnitType, BaseMoves, Cost, AdvisorType, BaseSightRange, ZoneOfControl, Domain, FormationClass, Name, Description, PurchaseYield, PromotionClass, Maintenance, Combat, StrategicResource, PrereqTech, MandatoryObsoleteTech) 
VALUES ('UNIT_DLV_MEDIEVAL_HORSEMAN', '4', '150', 'ADVISOR_CONQUEST', '2', 1, 'DOMAIN_LAND', 'FORMATION_CLASS_LAND_COMBAT', 'LOC_UNIT_MEDIEVAL_HORSEMAN_NAME', 'LOC_UNIT_MEDIEVAL_HORSEMAN_DESCRIPTION', 'YIELD_GOLD', 'PROMOTION_CLASS_LIGHT_CAVALRY', '2', '44', 'RESOURCE_HORSES', 'TECH_STIRRUPS', 'TECH_COMPOSITES');

INSERT INTO Units (UnitType, BaseMoves, Cost, AdvisorType, BaseSightRange, ZoneOfControl, Domain, FormationClass, Name, Description, PurchaseYield, PromotionClass, Maintenance, Combat, PrereqTech, MandatoryObsoleteTech) 
VALUES ('UNIT_DLV_RIFLEMAN', '2', '350', 'ADVISOR_CONQUEST', '2', 1, 'DOMAIN_LAND', 'FORMATION_CLASS_LAND_COMBAT', 'LOC_UNIT_RIFLEMAN_NAME', 'LOC_UNIT_RIFLEMAN_DESCRIPTION', 'YIELD_GOLD', 'PROMOTION_CLASS_MELEE', '4', '64', 'TECH_RIFLING', 'TECH_SATELLITES');

INSERT INTO Units (UnitType, BaseMoves, Cost, AdvisorType, BaseSightRange, ZoneOfControl, Domain, FormationClass, Name, Description, PurchaseYield, PromotionClass, Maintenance, Combat, Range, Bombard, PrereqTech, MandatoryObsoleteTech) 
VALUES ('UNIT_DLV_TREBUCHET', '2', '200', 'ADVISOR_CONQUEST', '2', 0, 'DOMAIN_LAND', 'FORMATION_CLASS_LAND_COMBAT', 'LOC_UNIT_TREBUCHET_NAME', 'LOC_UNIT_TREBUCHET_DESCRIPTION', 'YIELD_GOLD', 'PROMOTION_CLASS_SIEGE', '3', '33', '2', '45', 'TECH_MILITARY_ENGINEERING', 'TECH_BALLISTICS');

INSERT INTO Units (UnitType, BaseMoves, Cost, AdvisorType, BaseSightRange, ZoneOfControl, Domain, FormationClass, Name, Description, PurchaseYield, PromotionClass, PseudoYieldType, Maintenance, Combat, PrereqTech, MandatoryObsoleteTech) 
VALUES ('UNIT_DLV_EXPLORER', '3', '120', 'ADVISOR_GENERIC', '2', 1, 'DOMAIN_LAND', 'FORMATION_CLASS_LAND_COMBAT', 'LOC_UNIT_EXPLORER_NAME', 'LOC_UNIT_EXPLORER_DESCRIPTION', 'YIELD_GOLD', 'PROMOTION_CLASS_RECON', 'PSEUDOYIELD_UNIT_EXPLORER', '3', '35', 'TECH_CARTOGRAPHY', 'TECH_RIFLING');

INSERT INTO Units (UnitType, BaseMoves, Cost, AdvisorType, BaseSightRange, ZoneOfControl, Domain, FormationClass, Name, Description, PurchaseYield, PromotionClass, Maintenance, Combat, StrategicResource, PrereqTech, MandatoryObsoleteTech) 
VALUES ('UNIT_DLV_LONGSWORDSMAN', '2', '160', 'ADVISOR_CONQUEST', '2', 1, 'DOMAIN_LAND', 'FORMATION_CLASS_LAND_COMBAT', 'LOC_UNIT_LONGSWORDSMAN_NAME', 'LOC_UNIT_LONGSWORDSMAN_DESCRIPTION', 'YIELD_GOLD', 'PROMOTION_CLASS_MELEE', '2', '46', 'RESOURCE_IRON', 'TECH_CASTLES', 'TECH_REPLACEABLE_PARTS');

INSERT INTO Units (UnitType, BaseMoves, Cost, AdvisorType, BaseSightRange, ZoneOfControl, Domain, FormationClass, Name, Description, PurchaseYield, PromotionClass, Maintenance, Combat, RangedCombat, Range, PrereqTech, MandatoryObsoleteTech) 
VALUES ('UNIT_DLV_GATLING_GUN', '2', '195', 'ADVISOR_CONQUEST', '2', 1, 'DOMAIN_LAND', 'FORMATION_CLASS_LAND_COMBAT', 'LOC_UNIT_GATLING_GUN_NAME', 'LOC_UNIT_GATLING_GUN_DESCRIPTION', 'YIELD_GOLD', 'PROMOTION_CLASS_RANGED', '3', '55', '65', '1', 'TECH_INDUSTRIALIZATION', 'TECH_GUIDANCE_SYSTEMS');

INSERT INTO Units (UnitType, BaseMoves, Cost, AdvisorType, BaseSightRange, ZoneOfControl, Domain, FormationClass, Name, Description, PurchaseYield, PromotionClass, Maintenance, Combat, RangedCombat, Range, PrereqTech) 
VALUES ('UNIT_DLV_MORTAR', '2', '540', 'ADVISOR_CONQUEST', '2', 0, 'DOMAIN_LAND', 'FORMATION_CLASS_LAND_COMBAT', 'LOC_UNIT_MORTAR_NAME', 'LOC_UNIT_MORTAR_DESCRIPTION', 'YIELD_GOLD', 'PROMOTION_CLASS_RANGED', '6', '65', '75', '2', 'TECH_ROCKETRY');

INSERT INTO Units (UnitType, BaseMoves, Cost, AdvisorType, BaseSightRange, ZoneOfControl, Domain, FormationClass, Name, Description, PurchaseYield, PromotionClass, Maintenance, Combat, Range, PrereqTech, Bombard) 
VALUES ('UNIT_DLV_SELF_PROPELLED_ARTILLERY', '3', '680', 'ADVISOR_CONQUEST', '3', 0, 'DOMAIN_LAND', 'FORMATION_CLASS_LAND_COMBAT', 'LOC_UNIT_SELF_PROPELLED_ARTILLERY_NAME', 'LOC_UNIT_SELF_PROPELLED_ARTILLERY_DESCRIPTION', 'YIELD_GOLD', 'PROMOTION_CLASS_SIEGE', '8', '70', '3', 'TECH_SATELLITES', '95');

INSERT INTO Units (UnitType, Cost, Maintenance, BaseMoves, BaseSightRange, ZoneOfControl, Domain, Combat, FormationClass, PromotionClass, AdvisorType, Name, Description, PurchaseYield, PseudoYieldType, MandatoryObsoleteTech, PrereqTech) 
VALUES ('UNIT_DLV_COG', '150', '2', '3', '3', 1, 'DOMAIN_SEA', '38', 'FORMATION_CLASS_NAVAL', 'PROMOTION_CLASS_NAVAL_MELEE', 'ADVISOR_CONQUEST', 'LOC_UNIT_COG_NAME', 'LOC_UNIT_COG_DESCRIPTION', 'YIELD_GOLD', 'PSEUDOYIELD_UNIT_NAVAL_COMBAT', 'TECH_STEAM_POWER', 'TECH_APPRENTICESHIP');

INSERT INTO Units (UnitType, Cost, Maintenance, BaseMoves, BaseSightRange, ZoneOfControl, Domain, Combat, RangedCombat, Range, FormationClass, PromotionClass, AdvisorType, Name, Description, PurchaseYield, PseudoYieldType, MandatoryObsoleteTech, PrereqTech) 
VALUES ('UNIT_DLV_GALLEASS', '200', '3', '3', '2', 1, 'DOMAIN_SEA', '40', '32', '2', 'FORMATION_CLASS_NAVAL', 'PROMOTION_CLASS_NAVAL_RANGED', 'ADVISOR_CONQUEST', 'LOC_UNIT_GALLEASS_NAME', 'LOC_UNIT_GALLEASS_DESCRIPTION', 'YIELD_GOLD', 'PSEUDOYIELD_UNIT_NAVAL_COMBAT', 'TECH_STEEL', 'TECH_MILITARY_ENGINEERING');

--UnitReplaces
INSERT INTO UnitReplaces (CivUniqueUnitType, ReplacesUnitType) VALUES ('UNIT_SUMERIAN_WAR_CART', 'UNIT_HEAVY_CHARIOT');
INSERT INTO UnitReplaces (CivUniqueUnitType, ReplacesUnitType) VALUES ('UNIT_JAPANESE_SAMURAI', 'UNIT_DLV_LONGSWORDSMAN');

--UnitUpgrades
INSERT INTO UnitUpgrades (Unit, UpgradeUnit) VALUES ('UNIT_DLV_TREBUCHET', 'UNIT_BOMBARD');
INSERT INTO UnitUpgrades (Unit, UpgradeUnit) VALUES ('UNIT_DLV_MEDIEVAL_HORSEMAN', 'UNIT_CAVALRY');
INSERT INTO UnitUpgrades (Unit, UpgradeUnit) VALUES ('UNIT_DLV_LONGSWORDSMAN', 'UNIT_MUSKETMAN');
INSERT INTO UnitUpgrades (Unit, UpgradeUnit) VALUES ('UNIT_DLV_RIFLEMAN', 'UNIT_INFANTRY');
INSERT INTO UnitUpgrades (Unit, UpgradeUnit) VALUES ('UNIT_DLV_CUIRASSIER', 'UNIT_TANK');
INSERT INTO UnitUpgrades (Unit, UpgradeUnit) VALUES ('UNIT_DLV_EXPLORER', 'UNIT_RANGER');
INSERT INTO UnitUpgrades (Unit, UpgradeUnit) VALUES ('UNIT_DLV_GATLING_GUN', 'UNIT_MACHINE_GUN');
INSERT INTO UnitUpgrades (Unit, UpgradeUnit) VALUES ('UNIT_DLV_MORTAR', 'UNIT_ROCKET_ARTILLERY');
INSERT INTO UnitUpgrades (Unit, UpgradeUnit) VALUES ('UNIT_DLV_COG', 'UNIT_CARAVEL');
INSERT INTO UnitUpgrades (Unit, UpgradeUnit) VALUES ('UNIT_DLV_GALLEASS', 'UNIT_FRIGATE');

--UnitAIInfos
INSERT INTO UnitAIInfos (UnitType, AiType) VALUES ('UNIT_DLV_COG', 'UNITAI_COMBAT');
INSERT INTO UnitAIInfos (UnitType, AiType) VALUES ('UNIT_DLV_COG', 'UNITAI_EXPLORE');
INSERT INTO UnitAIInfos (UnitType, AiType) VALUES ('UNIT_DLV_COG', 'UNITTYPE_MELEE');
INSERT INTO UnitAIInfos (UnitType, AiType) VALUES ('UNIT_DLV_COG', 'UNITTYPE_NAVAL');
INSERT INTO UnitAIInfos (UnitType, AiType) VALUES ('UNIT_DLV_GALLEASS', 'UNITAI_COMBAT');
INSERT INTO UnitAIInfos (UnitType, AiType) VALUES ('UNIT_DLV_GALLEASS', 'UNITTYPE_RANGED');
INSERT INTO UnitAIInfos (UnitType, AiType) VALUES ('UNIT_DLV_GALLEASS', 'UNITTYPE_NAVAL');
INSERT INTO UnitAIInfos (UnitType, AiType) VALUES ('UNIT_DLV_MEDIEVAL_HORSEMAN', 'UNITAI_COMBAT');
INSERT INTO UnitAIInfos (UnitType, AiType) VALUES ('UNIT_DLV_MEDIEVAL_HORSEMAN', 'UNITAI_EXPLORE');
INSERT INTO UnitAIInfos (UnitType, AiType) VALUES ('UNIT_DLV_MEDIEVAL_HORSEMAN', 'UNITTYPE_MELEE');
INSERT INTO UnitAIInfos (UnitType, AiType) VALUES ('UNIT_DLV_MEDIEVAL_HORSEMAN', 'UNITTYPE_CAVALRY');
INSERT INTO UnitAIInfos (UnitType, AiType) VALUES ('UNIT_DLV_MEDIEVAL_HORSEMAN', 'UNITTYPE_LAND_COMBAT');
INSERT INTO UnitAIInfos (UnitType, AiType) VALUES ('UNIT_DLV_LONGSWORDSMAN', 'UNITAI_COMBAT');
INSERT INTO UnitAIInfos (UnitType, AiType) VALUES ('UNIT_DLV_LONGSWORDSMAN', 'UNITAI_EXPLORE');
INSERT INTO UnitAIInfos (UnitType, AiType) VALUES ('UNIT_DLV_LONGSWORDSMAN', 'UNITTYPE_MELEE');
INSERT INTO UnitAIInfos (UnitType, AiType) VALUES ('UNIT_DLV_LONGSWORDSMAN', 'UNITTYPE_LAND_COMBAT');
INSERT INTO UnitAIInfos (UnitType, AiType) VALUES ('UNIT_DLV_RIFLEMAN', 'UNITAI_COMBAT');
INSERT INTO UnitAIInfos (UnitType, AiType) VALUES ('UNIT_DLV_RIFLEMAN', 'UNITAI_EXPLORE');
INSERT INTO UnitAIInfos (UnitType, AiType) VALUES ('UNIT_DLV_RIFLEMAN', 'UNITTYPE_MELEE');
INSERT INTO UnitAIInfos (UnitType, AiType) VALUES ('UNIT_DLV_RIFLEMAN', 'UNITTYPE_LAND_COMBAT');
INSERT INTO UnitAIInfos (UnitType, AiType) VALUES ('UNIT_DLV_CUIRASSIER', 'UNITAI_COMBAT');
INSERT INTO UnitAIInfos (UnitType, AiType) VALUES ('UNIT_DLV_CUIRASSIER', 'UNITAI_EXPLORE');
INSERT INTO UnitAIInfos (UnitType, AiType) VALUES ('UNIT_DLV_CUIRASSIER', 'UNITTYPE_MELEE');
INSERT INTO UnitAIInfos (UnitType, AiType) VALUES ('UNIT_DLV_CUIRASSIER', 'UNITTYPE_CAVALRY');
INSERT INTO UnitAIInfos (UnitType, AiType) VALUES ('UNIT_DLV_CUIRASSIER', 'UNITTYPE_LAND_COMBAT');
INSERT INTO UnitAIInfos (UnitType, AiType) VALUES ('UNIT_DLV_GATLING_GUN', 'UNITAI_COMBAT');
INSERT INTO UnitAIInfos (UnitType, AiType) VALUES ('UNIT_DLV_GATLING_GUN', 'UNITAI_EXPLORE');
INSERT INTO UnitAIInfos (UnitType, AiType) VALUES ('UNIT_DLV_GATLING_GUN', 'UNITTYPE_RANGED');
INSERT INTO UnitAIInfos (UnitType, AiType) VALUES ('UNIT_DLV_GATLING_GUN', 'UNITTYPE_LAND_COMBAT');
INSERT INTO UnitAIInfos (UnitType, AiType) VALUES ('UNIT_DLV_EXPLORER', 'UNITAI_EXPLORE');
INSERT INTO UnitAIInfos (UnitType, AiType) VALUES ('UNIT_DLV_EXPLORER', 'UNITTYPE_MELEE');
INSERT INTO UnitAIInfos (UnitType, AiType) VALUES ('UNIT_DLV_EXPLORER', 'UNITTYPE_LAND_COMBAT');

INSERT INTO UnitAIInfos (UnitType, AiType) SELECT 'UNIT_DLV_TREBUCHET', AiType FROM UnitAiInfos WHERE UnitType = 'UNIT_CATAPULT';
INSERT INTO UnitAIInfos (UnitType, AiType) SELECT 'UNIT_DLV_SELF_PROPELLED_ARTILLERY', AiType FROM UnitAiInfos WHERE UnitType = 'UNIT_ARTILLERY';

--Tags
INSERT INTO Tags (Tag, Vocabulary) VALUES ('CLASS_EXPLORER', 'ABILITY_CLASS');
INSERT INTO Tags (Tag, Vocabulary) VALUES ('CLASS_AUTOMATIC_GUN', 'ABILITY_CLASS');

--TypeTags
INSERT INTO TypeTags (Type, Tag) VALUES ('UNIT_DLV_COG', 'CLASS_NAVAL_MELEE');
INSERT INTO TypeTags (Type, Tag) VALUES ('UNIT_DLV_GALLEASS', 'CLASS_NAVAL_RANGED');
INSERT INTO TypeTags (Type, Tag) VALUES ('UNIT_DLV_MEDIEVAL_HORSEMAN', 'CLASS_LIGHT_CAVALRY');
INSERT INTO TypeTags (Type, Tag) VALUES ('UNIT_DLV_LONGSWORDSMAN', 'CLASS_MELEE');
INSERT INTO TypeTags (Type, Tag) VALUES ('UNIT_DLV_RIFLEMAN', 'CLASS_MELEE');
INSERT INTO TypeTags (Type, Tag) VALUES ('UNIT_DLV_CUIRASSIER', 'CLASS_HEAVY_CAVALRY');
INSERT INTO TypeTags (Type, Tag) VALUES ('UNIT_DLV_EXPLORER', 'CLASS_RECON');
INSERT INTO TypeTags (Type, Tag) VALUES ('UNIT_DLV_EXPLORER', 'CLASS_EXPLORER');
INSERT INTO TypeTags (Type, Tag) VALUES ('UNIT_DLV_GATLING_GUN', 'CLASS_RANGED');
INSERT INTO TypeTags (Type, Tag) VALUES ('UNIT_DLV_GATLING_GUN', 'CLASS_AUTOMATIC_GUN');
INSERT INTO TypeTags (Type, Tag) VALUES ('UNIT_MACHINE_GUN', 'CLASS_AUTOMATIC_GUN');

INSERT INTO TypeTags (Type, Tag) SELECT 'UNIT_DLV_TREBUCHET', Tag FROM TypeTags WHERE Type = 'UNIT_CATAPULT' AND Tag LIKE 'CLASS_%';
INSERT INTO TypeTags (Type, Tag) SELECT 'UNIT_DLV_SELF_PROPELLED_ARTILLERY', Tag FROM TypeTags WHERE Type = 'UNIT_ARTILLERY' AND Tag LIKE 'CLASS_%';

--TypeTags
INSERT INTO TypeTags (Type, Tag) VALUES ('ABILITY_EXPLORER', 'CLASS_EXPLORER');
INSERT INTO TypeTags (Type, Tag) VALUES ('ABILITY_AUTOMATIC_GUNFIRE', 'CLASS_AUTOMATIC_GUN');

--RequirementSets
INSERT INTO RequirementSets (RequirementSetId, RequirementSetType) VALUES ('OPPONENT_HEAVY_CAVALRY_REQUIREMENTS', 'REQUIREMENTSET_TEST_ANY');
INSERT INTO RequirementSets (RequirementSetId, RequirementSetType) VALUES ('OPPONENT_LIGHT_CAVALRY_REQUIREMENTS', 'REQUIREMENTSET_TEST_ANY');
INSERT INTO RequirementSets (RequirementSetId, RequirementSetType) VALUES ('OPPONENT_MELEE_ANTICAV_LIGHTCAV_REQUIREMENTS', 'REQUIREMENTSET_TEST_ANY');

--RequirementSetRequirements
INSERT INTO RequirementSetRequirements (RequirementSetId, RequirementId) VALUES ('OPPONENT_HEAVY_CAVALRY_REQUIREMENTS', 'ANTI_CAVALRY_OPPONENT_REQUIREMENT_HC');
INSERT INTO RequirementSetRequirements (RequirementSetId, RequirementId) VALUES ('OPPONENT_LIGHT_CAVALRY_REQUIREMENTS', 'ANTI_CAVALRY_OPPONENT_REQUIREMENT_LC');
INSERT INTO RequirementSetRequirements (RequirementSetId, RequirementId) VALUES ('OPPONENT_MELEE_ANTICAV_LIGHTCAV_REQUIREMENTS', 'ANTI_CAVALRY_OPPONENT_REQUIREMENT_LC');
INSERT INTO RequirementSetRequirements (RequirementSetId, RequirementId) VALUES ('OPPONENT_MELEE_ANTICAV_LIGHTCAV_REQUIREMENTS', 'ANTI_SPEAR_OPPONENT_REQUIREMENT');
INSERT INTO RequirementSetRequirements (RequirementSetId, RequirementId) VALUES ('OPPONENT_MELEE_ANTICAV_LIGHTCAV_REQUIREMENTS', 'OPPONENT_MELEE_REQUIREMENT');

--Modifiers
INSERT INTO Modifiers (ModifierId, ModifierType, SubjectRequirementSetId) VALUES ('PLUS_20_VS_HEAVY_CAVALRY_COMBAT_BONUS', 'MODIFIER_UNIT_ADJUST_COMBAT_STRENGTH', 'OPPONENT_HEAVY_CAVALRY_REQUIREMENTS');
INSERT INTO Modifiers (ModifierId, ModifierType, SubjectRequirementSetId) VALUES ('PLUS_15_VS_LIGHT_CAVALRY_COMBAT_BONUS', 'MODIFIER_UNIT_ADJUST_COMBAT_STRENGTH', 'OPPONENT_LIGHT_CAVALRY_REQUIREMENTS');
INSERT INTO Modifiers (ModifierId, ModifierType, SubjectRequirementSetId) VALUES ('PLUS_X_VS_MELEE_ANTICAV_LIGHTCAV_COMBAT_BONUS', 'MODIFIER_UNIT_ADJUST_COMBAT_STRENGTH', 'OPPONENT_MELEE_ANTICAV_LIGHTCAV_REQUIREMENTS');

--ModifierStrings
INSERT INTO ModifierStrings (ModifierId, Context, Text) VALUES ('PLUS_20_VS_HEAVY_CAVALRY_COMBAT_BONUS', 'Preview', 'PLUS_20_VS_HEAVY_CAVALRY_COMBAT_BONUS_DESC');
INSERT INTO ModifierStrings (ModifierId, Context, Text) VALUES ('PLUS_15_VS_LIGHT_CAVALRY_COMBAT_BONUS', 'Preview', 'PLUS_15_VS_LIGHT_CAVALRY_COMBAT_BONUS_DESC');
INSERT INTO ModifierStrings (ModifierId, Context, Text) VALUES ('PLUS_X_VS_MELEE_ANTICAV_LIGHTCAV_COMBAT_BONUS', 'Preview', 'PLUS_X_VS_MELEE_ANTICAV_LIGHTCAV_COMBAT_BONUS_DESC');

--ModifierArguments
INSERT INTO ModifierArguments (ModifierId, Name, Value) VALUES ('PLUS_20_VS_HEAVY_CAVALRY_COMBAT_BONUS', 'Amount', '20');
INSERT INTO ModifierArguments (ModifierId, Name, Value) VALUES ('PLUS_15_VS_LIGHT_CAVALRY_COMBAT_BONUS', 'Amount', '15');
INSERT INTO ModifierArguments (ModifierId, Name, Value) VALUES ('PLUS_X_VS_MELEE_ANTICAV_LIGHTCAV_COMBAT_BONUS', 'Amount', '8');

--UnitAbilities
INSERT INTO UnitAbilities (UnitAbilityType, Name, Description) VALUES ('ABILITY_EXPLORER', 'LOC_ABILITY_EXPLORER', 'LOC_ABILITY_EXPLORER_DESCRIPTION');
INSERT INTO UnitAbilities (UnitAbilityType, Name, Description) VALUES ('ABILITY_AUTOMATIC_GUNFIRE', 'LOC_ABILITY_AUTOMATIC_GUNFIRE', 'LOC_ABILITY_AUTOMATIC_GUNFIRE_DESCRIPTION');

--UnitAbilityModifiers
INSERT INTO UnitAbilityModifiers (UnitAbilityType, ModifierId) VALUES ('ABILITY_EXPLORER', 'MOD_IGNORE_CROSSING_RIVERS_COST');
INSERT INTO UnitAbilityModifiers (UnitAbilityType, ModifierId) VALUES ('ABILITY_EXPLORER', 'REDCOAT_DISEMBARK');
INSERT INTO UnitAbilityModifiers (UnitAbilityType, ModifierId) VALUES ('ABILITY_ANTI_CAVALRY', 'PLUS_20_VS_HEAVY_CAVALRY_COMBAT_BONUS');
INSERT INTO UnitAbilityModifiers (UnitAbilityType, ModifierId) VALUES ('ABILITY_ANTI_CAVALRY', 'PLUS_15_VS_LIGHT_CAVALRY_COMBAT_BONUS');
INSERT INTO UnitAbilityModifiers (UnitAbilityType, ModifierId) VALUES ('ABILITY_AUTOMATIC_GUNFIRE', 'PLUS_X_VS_MELEE_ANTICAV_LIGHTCAV_COMBAT_BONUS');



--Old SQL starts here

/* Unit Upgrade Changes */
UPDATE UnitUpgrades SET UpgradeUnit = 'UNIT_DLV_TREBUCHET' WHERE Unit = 'UNIT_CATAPULT';

UPDATE UnitUpgrades SET UpgradeUnit = 'UNIT_DLV_RIFLEMAN' WHERE Unit = 'UNIT_MUSKETMAN';

UPDATE UnitUpgrades SET UpgradeUnit = 'UNIT_DLV_RIFLEMAN' WHERE Unit = 'UNIT_SPANISH_CONQUISTADOR';

UPDATE UnitUpgrades SET UpgradeUnit = 'UNIT_DLV_CUIRASSIER' WHERE Unit = 'UNIT_KNIGHT';

UPDATE UnitUpgrades SET UpgradeUnit = 'UNIT_DLV_CUIRASSIER' WHERE Unit = 'UNIT_ARABIAN_MAMLUK';

UPDATE UnitUpgrades SET UpgradeUnit = 'UNIT_DLV_LONGSWORDSMAN' WHERE Unit = 'UNIT_SWORDSMAN';

UPDATE UnitUpgrades SET UpgradeUnit = 'UNIT_DLV_LONGSWORDSMAN' WHERE Unit = 'UNIT_ROMAN_LEGION';

UPDATE UnitUpgrades SET UpgradeUnit = 'UNIT_DLV_LONGSWORDSMAN' WHERE Unit = 'UNIT_KONGO_SHIELD_BEARER';

UPDATE UnitUpgrades SET UpgradeUnit = 'UNIT_DLV_MEDIEVAL_HORSEMAN' WHERE  Unit = 'UNIT_HORSEMAN';

UPDATE UnitUpgrades SET UpgradeUnit = 'UNIT_KNIGHT' WHERE Unit = 'UNIT_SUMERIAN_WAR_CART';

UPDATE UnitUpgrades SET UpgradeUnit = 'UNIT_DLV_EXPLORER' WHERE Unit = 'UNIT_SCOUT';

UPDATE UnitUpgrades SET UpgradeUnit = 'UNIT_DLV_MORTAR' WHERE Unit = 'UNIT_FIELD_CANNON';

UPDATE UnitUpgrades SET UpgradeUnit = 'UNIT_DLV_SELF_PROPELLED_ARTILLERY' WHERE Unit = 'UNIT_ARTILLERY';

UPDATE UnitUpgrades SET UpgradeUnit = 'UNIT_DLV_COG' WHERE Unit = 'UNIT_GALLEY';

UPDATE UnitUpgrades SET UpgradeUnit = 'UNIT_DLV_COG' WHERE Unit = 'UNIT_NORWEGIAN_LONGSHIP';

UPDATE UnitUpgrades SET UpgradeUnit = 'UNIT_DLV_GALLEASS' WHERE Unit = 'UNIT_QUADRIREME';

DELETE FROM TypeTags WHERE Type = 'UNIT_ROCKET_ARTILLERY' AND Tag = 'CLASS_FORWARD_OBSERVER';

/* Unit Changes */
UPDATE Units SET Combat = 41 WHERE UnitType = 'UNIT_ROMAN_LEGION';

UPDATE Units SET Cost = 200 WHERE UnitType = 'UNIT_KNIGHT';

UPDATE Units SET Cost = 200 WHERE UnitType = 'UNIT_ARABIAN_MAMLUK';

UPDATE Units SET Cost = 180 WHERE UnitType = 'UNIT_PIKEMAN';

UPDATE Units SET BaseSightRange = 2 WHERE UnitType='UNIT_NATURALIST';

UPDATE Units SET Bombard = 0, RangedCombat = 95, BaseMoves = 3, PromotionClass = 'PROMOTION_CLASS_RANGED' WHERE UnitType = 'UNIT_ROCKET_ARTILLERY';

UPDATE Units SET ZoneOfControl = 1, Cost = 360, Maintenance = 4 WHERE UnitType = 'UNIT_MACHINE_GUN';

UPDATE ModifierArguments SET Value = 9 WHERE ModifierId = 'CONQUISTADOR_SPECIFIC_UNIT_COMBAT' AND Name = 'Amount';

/* Anti Cavalry boost */
DELETE FROM UnitAbilityModifiers WHERE UnitAbilityType = 'ABILITY_ANTI_CAVALRY' AND ModifierId = 'ANTI_CAVALRY_COMBAT_BONUS';

/* DLC Changes */

UPDATE UnitUpgrades SET UpgradeUnit = 'UNIT_DLV_LONGSWORDSMAN' WHERE Unit = 'UNIT_PERSIAN_IMMORTAL' AND EXISTS (SELECT 1 FROM Units WHERE UnitType = 'UNIT_PERSIAN_IMMORTAL');

UPDATE UnitUpgrades SET UpgradeUnit = 'UNIT_DLV_LONGSWORDSMAN' WHERE Unit = 'UNIT_MACEDONIAN_HYPASPIST' AND EXISTS (SELECT 1 FROM Units WHERE UnitType = 'UNIT_MACEDONIAN_HYPASPIST');

/* Rise & Fall Changes */

UPDATE UnitUpgrades SET UpgradeUnit = 'UNIT_DLV_MORTAR' WHERE Unit = 'UNIT_KOREAN_HWACHA' AND EXISTS (SELECT 1 FROM Units WHERE UnitType = 'UNIT_KOREAN_HWACHA');

UPDATE UnitUpgrades SET UpgradeUnit = 'UNIT_DLV_EXPLORER' WHERE Unit = 'UNIT_CREE_OKIHTCITAW' AND EXISTS (SELECT 1 FROM Units WHERE UnitType = 'UNIT_CREE_OKIHTCITAW');

UPDATE Units SET Combat = 46 WHERE UnitType = 'UNIT_GEORGIAN_KHEVSURETI' AND EXISTS (SELECT 1 FROM Units WHERE UnitType = 'UNIT_GEORGIAN_KHEVSURETI');

INSERT INTO UnitReplaces (CivUniqueUnitType, ReplacesUnitType) SELECT UnitType,'UNIT_DLV_TREBUCHET' FROM Units WHERE UnitType = 'UNIT_KHMER_DOMREY';

INSERT INTO UnitReplaces (CivUniqueUnitType, ReplacesUnitType) SELECT UnitType,'UNIT_DLV_LONGSWORDSMAN' FROM Units WHERE UnitType = 'UNIT_GEORGIAN_KHEVSURETI';